ID,Sleep_Duration
1,6.31843390098806
3,6.481892695163976
5,6.961477660944374
8,6.974922553065961
10,7.84015894030757
11,7.2600147661115075
12,6.260360358585977
17,6.17960355033551
19,8.265305156394039
20,7.377729921625777
21,6.222350475146434
22,6.537878722173398
23,7.847333197989811
25,7.351645636182611
26,6.27348356394729
28,7.3337571491062254
29,8.16856285283676
30,8.018322263318694
31,7.979675214073224
32,6.8582393597397155
34,7.412508889957631
35,7.196684419758698
37,6.454929532021587
38,6.334433086914955
41,8.266494085226082
42,6.4202232408732
43,5.787431710039146
44,7.340173660997973
46,8.295491271304309
49,7.645246113820982
52,7.3294459994382715
54,8.023993249262768
55,8.2996424036388
56,7.928866460278001
57,7.817281905639408
62,7.19580637060017
63,6.256265476435328
65,7.678877731592679
66,8.25551344858414
69,6.362798836685712
71,7.097117664250748
72,8.190725373544211
73,7.4909510536871755
74,5.589291685613741
75,6.208249636461213
76,6.7193374725063695
78,6.521345340696175
79,7.6269515724713175
80,6.674256124204908
83,7.868413040498881
84,7.361952640779125
86,6.336497275260831
87,6.972613958813626
89,8.186716775025259
93,6.087169753229179
95,8.266522040516318
96,7.554497224405501
103,6.861088299110754
104,7.086402707831475
106,7.266695199365857
107,6.3231175419191255
108,7.3571152934277455
109,7.28982950893475
110,6.941165985208562
111,7.203116519906283
112,6.470594845865993
116,6.41370203455815
118,6.272609889170314
120,6.481265047619272
121,7.906824168258332
123,8.12364458837268
124,6.147157674342769
126,8.196832785647599
127,7.7851929780087294
130,6.268366402412745
132,7.609984340878437
133,6.8886307849139925
136,7.219603068800239
138,6.250589257042834
142,6.1584485743060995
143,7.406786929924853
144,6.358118364101582
150,6.1773538879718215
152,6.48462798552066
153,6.186488215153986
154,7.833241702412614
158,6.331528014622132
162,7.316195419438691
164,7.692735135599259
165,6.796169713953796
166,6.743980230568797
167,8.054056977400156
170,7.373077211472018
172,6.608543931910435
173,7.860399039973159
180,6.137824109074678
181,7.1760900755919526
182,7.220495985658764
183,7.921982111822764
184,6.90880896671522
187,6.907133106720545
188,6.86028710667105
189,7.145073993705889
192,7.055867932776675
193,6.4474199682300535
194,7.238273519558242
195,8.654898975720364
196,7.224369654341674
197,6.524056527917331
198,8.050995182627686
200,8.294874427806132
206,7.317225427536939
208,6.531905006435532
210,6.321380585610557
211,7.387931782084381
212,6.479297081073325
213,7.502216306865451
216,6.446150986499183
220,6.644026035743326
221,7.302624574076613
222,7.511781606355543
223,7.2863470752228885
224,8.138143061520445
227,7.22304338282536
231,7.458759477726284
232,7.730796759674637
234,6.346258889409857
235,7.498632875479963
238,6.239397580640843
241,7.431561792370677
244,6.547733227085928
246,5.604648921575297
247,7.135611058471042
248,6.676767538836199
251,6.157482156106383
254,7.999437967501389
257,6.7769178226359195
258,6.509096942943739
259,7.3944760394431635
261,6.631007607144926
264,6.180627314967649
266,6.432285269260746
269,8.024765852328484
271,7.292564480661932
272,6.4254498076958075
280,6.152064022313779
281,6.177653110629214
282,7.311125036931905
283,8.153027913909057
285,6.428494643936879
287,7.543987589998936
288,7.3513289170491385
289,6.462592199669129
290,7.168384067908086
294,8.367873658742626
298,8.251603056998027
299,6.386951634370844
302,7.857502602032794
306,7.838682955950172
309,6.1407687864043545
310,6.499541851386686
312,7.876148721869733
313,7.224319668633782
315,8.282658836478001
318,6.383379085154873
319,8.150818451540621
320,7.874197795014276
322,6.2998296755882075
323,6.493162412668196
325,7.5612015007653826
326,7.736146001147034
329,6.3379401707147185
330,7.335929172368935
331,6.179169890251593
333,8.009829463592926
335,8.189873263561484
337,7.273285169151977
341,7.859376447164826
342,6.292854146713562
346,7.473536375079443
349,7.939210084748449
352,6.206496552369669
353,7.227085756523397
355,6.515707441143803
356,7.167471640352678
357,6.354361292664072
359,7.443326660994313
361,7.457069911958541
362,6.465840396562783
364,7.233771680911743
367,7.92090549743757
369,7.377811495498909
372,6.24252917111857
374,7.755697968577042
